{
    "tabs": [
        {
            "key": "overview",
            "title": "Overview",
            "order": "1",
            "queriesList": [
                {
                    "query": "sum by (hostname) (target_info{ostype=~'windows',hostname=~'.*'})",
                    "chart_type": "Table",
                    "name": "Atom Status",
                    "schema": "target_info",
                    "options": {
                        "description": "Atom Status",
                        "label": "Actual",
                        "order": 1,
                        "plot" : {
                            "xLabel" : "Timestamp",
                            "yLabel": "value",
                            "x" : "Timestamp",
                            "y": ["value"],
                            "groupBy": "hostname",
                            "errorColumn": ""
                        }
                    },
                    "data_source_name": "Apica Monitoring"
                },
                {
                    "query": "",
                    "chart_type": "counter",
                    "name": "Current Head Node",
                    "schema": "",
                    "options": {
                        "description": "Current Head Node",
                        "label": "% Avg",
                        "order": 2,
                        "plot" : {
                            "xLabel" : "Timestamp",
                            "yLabel": "value",
                            "x" : "Timestamp",
                            "y": ["value"],
                            "groupBy": "",
                            "errorColumn": ""
                        }
                    },
                    "data_source_name": "Apica Monitoring"
                },
                {
                    "query": "avg(round(100 - processor_idle_time{exported_instance='0,_Total',hostname=~'.*'}, 0.01))",
                    "chart_type": "gauge",
                    "name": "CPU Utilization",
                    "schema": "processor_idle_time",
                    "options": {
                        "description": "CPU Utilization",
                        "label": "% (Avg of Avg)",
                        "order": 3,
                        "upperLimit": "",
                        "zone": {
                            "alert": 60,
                            "danger": 80
                        },
                        "plot" : {
                            "xLabel" : "Timestamp",
                            "yLabel": "value",
                            "x" : "Timestamp",
                            "y": ["value"],
                            "groupBy": "",
                            "errorColumn": ""
                        }
                    },
                    "data_source_name": "Apica Monitoring"
                },
                {
                    "query": "round((memory_committed_bytes{hostname=~'.*'}) / ((memory_committed_bytes{hostname=~'.*'})-(-memory_available_bytes{hostname=~'.*'}))*100)",
                    "chart_type": "gauge",
                    "name": "Machine Memory Utilization",
                    "schema": "memory_committed_bytes",
                    "options": {
                        "label": "% (Avg of Avg)",
                        "order": 4,
                        "zone": {
                            "alert": 60,
                            "danger": 80
                        },
                        "plot" : {
                            "xLabel" : "Timestamp",
                            "yLabel": "value",
                            "x" : "Timestamp",
                            "y": ["value"],
                            "groupBy": "",
                            "errorColumn": ""
                        }
                    },
                    "data_source_name": "Apica Monitoring"
                },
                {
                    "query": "round(avg by (hostname) (system_cpu_load_average_5m{ostype=~'windows',hostname=~'.*'}), 0.01)*100",
                    "chart_type": "counter",
                    "name": "Load Average",
                    "schema": "",
                    "options": {
                        "label": "",
                        "order": 5,
                        "plot" : {
                            "xLabel" : "Timestamp",
                            "yLabel": "value",
                            "x" : "Timestamp",
                            "y": ["value"],
                            "groupBy": "hostname",
                            "errorColumn": ""
                        }
                    },
                    "data_source_name": "Apica Monitoring"
                },
                {
                    "query": "avg(sum by (hostname) (sum(jvm_uptime{ostype=~'windows',hostname=~'.*'})/2/3600000))",
                    "chart_type": "counter",
                    "name": "JVM Uptime",
                    "schema": "jvm_uptime",
                    "options": {
                        "description": "Average uptime across all nodes",
                        "label": "Hours (Avg of Avg)",
                        "order": 6,
                        "upperLimit": "",
                        "plot" : {
                            "xLabel" : "Timestamp",
                            "yLabel": "value",
                            "x" : "Timestamp",
                            "y": ["value"],
                            "groupBy": "hostname",
                            "errorColumn": ""
                        }
                    },
                    "data_source_name": "Apica Monitoring"
                },
                {
                    "query": "",
                    "chart_type": "counter",
                    "name": "Container Exceptions",
                    "schema": "",
                    "options": {
                        "label": "Actual (Avg of Avg)",
                        "order": 7,
                        "plot" : {
                            "xLabel" : "Timestamp",
                            "yLabel": "value",
                            "x" : "Timestamp",
                            "y": ["value"],
                            "groupBy": "hostname",
                            "errorColumn": ""
                        }
                    },
                    "data_source_name": "Apica Monitoring"
                },
                {
                    "query": "avg by (hostname) (round(100 - logicaldisk_percent_free_space{hostname=~'.*'}, 0.01)))",
                    "chart_type": "disk",
                    "name": "Local Storage Space",
                    "schema": "logicaldisk_percent_free_space",
                    "options": {
                        "label": "% (Avg of Avg)",
                        "order": 8,
                        "plot" : {
                            "xLabel" : "Timestamp",
                            "yLabel": "value",
                            "x" : "Timestamp",
                            "y": ["value"],
                            "groupBy": "hostname",
                            "errorColumn": ""
                        }
                    },
                    "data_source_name": "Apica Monitoring"
                },
                {
                    "query": "",
                    "chart_type": "line",
                    "name": "Local Storage iNodes",
                    "schema": "",
                    "options": {
                        "label": "",
                        "order": 9,
                        "description": "should we remove?",
                        "plot" : {
                            "xLabel" : "Timestamp",
                            "yLabel": "value",
                            "x" : "Timestamp",
                            "y": ["value"],
                            "groupBy": "hostname",
                            "errorColumn": ""
                        }
                    },
                    "data_source_name": "Apica Monitoring"
                },
                {
                    "query": "",
                    "chart_type": "disk",
                    "name": "Shared Storage Space",
                    "schema": "system_cpu_load_average_15m",
                    "options": {
                        "label": "% (Avg of Avg)",
                        "order": 10,
                        "plot" : {
                            "xLabel" : "Timestamp",
                            "yLabel": "value",
                            "x" : "Timestamp",
                            "y": ["value"],
                            "groupBy": "hostname",
                            "errorColumn": ""
                        }
                    },
                    "data_source_name": "Apica Monitoring"
                },
                {
                    "query": "",
                    "chart_type": "disk",
                    "name": "Shared Storage iNodes",
                    "schema": "system_cpu_load_average_15m",
                    "options": {
                        "label": "% (Avg of Avg)",
                        "order": 11,
                        "description": "should we remove?",
                        "plot" : {
                            "xLabel" : "Timestamp",
                            "yLabel": "value",
                            "x" : "Timestamp",
                            "y": ["value"],
                            "groupBy": "hostname",
                            "errorColumn": ""
                        }
                    },
                    "data_source_name": "Apica Monitoring"
                },
                {
                    "query": "avg(sum by (hostname) (handle_count_Count{hostname=~'.*'}))",
                    "chart_type": "counter",
                    "name": "Open File Descriptors",
                    "schema": "open_fd_count",
                    "options": {
                        "descriptions": "Open FDs",
                        "label": "Actual (Avg of Avg)",
                        "order": 12,
                        "plot" : {
                            "xLabel" : "Timestamp",
                            "yLabel": "value",
                            "x" : "Timestamp",
                            "y": ["value"],
                            "groupBy": "hostname",
                            "errorColumn": ""
                        }
                    },
                    "data_source_name": "Apica Monitoring"
                }
            ]
        },
        {
            "key": "compute",
            "title": "Compute",
            "order": "2",
            "queriesList": [
                {
                    "query": "max(round(sum by (hostname) (100 - processor_idle_time{exported_instance='0,_Total',hostname=~'.*'}), 0.01))&duration=6h&step=15m",
                    "chart_type": "line",
                    "name": "CPU Utilization (Max)",
                    "schema": "processor_idle_time",
                    "options": {
                        "label": "%",
                        "order": 1,
                        "plot" : {
                            "xLabel" : "Timestamp",
                            "yLabel": "value",
                            "x" : "Timestamp",
                            "y": ["value"],
                            "groupBy": "hostname",
                            "errorColumn": ""
                        }
                    },
                    "data_source_name": "Apica Monitoring"
                },
                {
                    "query": "avg(round(sum by (hostname) (100 - processor_idle_time{exported_instance='0,_Total',hostname=~'.*'}), 0.01))&duration=6h&step=15m",
                    "chart_type": "line",
                    "name": "CPU Utilization (Avg)",
                    "schema": "processor_idle_time",
                    "options": {
                        "label": "%",
                        "order": 2,
                        "plot" : {
                            "xLabel" : "Timestamp",
                            "yLabel": "value",
                            "x" : "Timestamp",
                            "y": ["value"],
                            "groupBy": "hostname",
                            "errorColumn": ""
                        }
                    },
                    "data_source_name": "Apica Monitoring"
                },
                {
                    "query": "",
                    "chart_type": "line",
                    "name": "Load Average (max)",
                    "schema": "",
                    "options": {
                        "label": "Actual",
                        "order": 3,
                        "plot" : {
                            "xLabel" : "Timestamp",
                            "yLabel": "value",
                            "x" : "Timestamp",
                            "y": ["value"],
                            "groupBy": "",
                            "errorColumn": ""
                        }
                    },
                    "data_source_name": "Apica Monitoring"
                },
                {
                    "query": "",
                    "chart_type": "line",
                    "name": "Load Average (avg)",
                    "schema": "system_cpu_time_seconds_total",
                    "options": {
                        "label": "Actual",
                        "order": 4,
                        "plot" : {
                            "xLabel" : "Timestamp",
                            "yLabel": "value",
                            "x" : "Timestamp",
                            "y": ["value"],
                            "groupBy": "hostname",
                            "errorColumn": ""
                        }
                    },
                    "data_source_name": "Apica Monitoring"
                },
                {
                    "query": "",
                    "chart_type": "line",
                    "name": "Machine Memory Utilization",
                    "schema": "system_network_io_bytes_total",
                    "options": {
                        "label": "Actual vs Total",
                        "order": 5,
                        "plot" : {
                            "xLabel" : "Timestamp",
                            "yLabel": "value",
                            "x" : "Timestamp",
                            "y": ["value"],
                            "groupBy": "",
                            "errorColumn": ""
                        }
                    },
                    "data_source_name": "Apica Monitoring"
                },
                {
                    "query": "",
                    "chart_type": "line",
                    "name": "Machine Memory Utilization",
                    "schema": "system_memory_usage_bytes",
                    "options": {
                        "label": "%",
                        "order": 6,
                        "plot" : {
                            "xLabel" : "Timestamp",
                            "yLabel": "value",
                            "x" : "Timestamp",
                            "y": ["value"],
                            "groupBy": "hostname",
                            "errorColumn": ""
                        }
                    },
                    "data_source_name": "Apica Monitoring"
                },
                {
                    "query": "",
                    "chart_type": "line",
                    "name": "CPU I/O Wait",
                    "schema": "system_memory_usage_bytes",
                    "options": {
                        "groupBy": "hostname",
                        "label": "%",
                        "order": 7,
                        "plot" : {
                            "xLabel" : "Timestamp",
                            "yLabel": "value",
                            "x" : "Timestamp",
                            "y": ["value"],
                            "groupBy": "",
                            "errorColumn": ""
                        }
                    },
                    "data_source_name": "Apica Monitoring"
                },
                {
                    "query": "",
                    "chart_type": "line",
                    "name": "Network Bytes Sent",
                    "schema": "system_memory_usage_bytes",
                    "options": {
                        "label": "%",
                        "order": 8,
                        "plot" : {
                            "xLabel" : "Timestamp",
                            "yLabel": "value",
                            "x" : "Timestamp",
                            "y": ["value"],
                            "groupBy": "hostname",
                            "errorColumn": ""
                        }
                    },
                    "data_source_name": "Apica Monitoring"
                },
                {
                    "query": "",
                    "chart_type": "line",
                    "name": "Network Bytes Received",
                    "schema": "system_memory_usage_bytes",
                    "options": {
                        "label": "%",
                        "order": 9,
                        "plot" : {
                            "xLabel" : "Timestamp",
                            "yLabel": "value",
                            "x" : "Timestamp",
                            "y": ["value"],
                            "groupBy": "hostname",
                            "errorColumn": ""
                        }
                    },
                    "data_source_name": "Apica Monitoring"
                },
                {
                    "query": "",
                    "chart_type": "table",
                    "name": "List of PIDs",
                    "schema": "system_memory_usage_bytes",
                    "options": {
                        "label": "%",
                        "order": 10,
                        "plot" : {
                            "xLabel" : "Timestamp",
                            "yLabel": "value",
                            "x" : "Timestamp",
                            "y": ["value"],
                            "groupBy": "hostname",
                            "errorColumn": ""
                        }
                    },
                    "data_source_name": "Apica Monitoring"
                }
            ]
        },
        {
            "key": "storage",
            "title": "Storage",
            "order": "3",
            "queriesList": [
                {
                    "query": "",
                    "chart_type": "line",
                    "name": "Local Storage Space",
                    "schema": "",
                    "options": {
                        "label": "Actual vs Total",
                        "order": 1,
                        "plot" : {
                            "xLabel" : "Timestamp",
                            "yLabel": "value",
                            "x" : "Timestamp",
                            "y": ["value"],
                            "groupBy": "hostname",
                            "errorColumn": ""
                        }
                    },
                    "data_source_name": "Apica Monitoring"
                },
                {
                    "query": "",
                    "chart_type": "line",
                    "name": "",
                    "schema": "",
                    "options": {
                        "label": "%",
                        "order": 2,
                        "plot" : {
                            "xLabel" : "Timestamp",
                            "yLabel": "value",
                            "x" : "Timestamp",
                            "y": ["value"],
                            "groupBy": "hostname",
                            "errorColumn": ""
                        }
                    },
                    "data_source_name": "Apica Monitoring"
                },
                {
                    "query": "",
                    "chart_type": "line",
                    "name": "Local Storage iNodes",
                    "schema": "",
                    "options": {
                        "label": "Actual vs Total",
                        "order": 3,
                        "plot" : {
                            "xLabel" : "Timestamp",
                            "yLabel": "value",
                            "x" : "Timestamp",
                            "y": ["value"],
                            "groupBy": "hostname",
                            "errorColumn": ""
                        }
                    },
                    "data_source_name": "Apica Monitoring"
                },
                {
                    "query": "",
                    "chart_type": "line",
                    "name": " Local Storage Inodes",
                    "schema": "system_filesystem_inodes_usage",
                    "options": {
                        "label": "%",
                        "order": 4,
                        "plot" : {
                            "xLabel" : "Timestamp",
                            "yLabel": "value",
                            "x" : "Timestamp",
                            "y": ["value"],
                            "groupBy": "hostname",
                            "errorColumn": ""
                        }
                    },
                    "data_source_name": "Apica Monitoring"
                },
                {
                    "query": "",
                    "chart_type": "line",
                    "name": "Local Storage Write I/O",
                    "schema": "",
                    "options": {
                        "label": "Actual",
                        "order": 5,
                        "plot" : {
                            "xLabel" : "Timestamp",
                            "yLabel": "value",
                            "x" : "Timestamp",
                            "y": ["value"],
                            "groupBy": "hostname",
                            "errorColumn": ""
                        }
                    },
                    "data_source_name": "Apica Monitoring"
                },
                {
                    "query": "",
                    "chart_type": "line",
                    "name": "Local Storage Read I/O",
                    "schema": "",
                    "options": {
                        "label": "Actual",
                        "order": 6,
                        "plot" : {
                            "xLabel" : "Timestamp",
                            "yLabel": "value",
                            "x" : "Timestamp",
                            "y": ["value"],
                            "groupBy": "hostname",
                            "errorColumn": ""
                        }
                    },
                    "data_source_name": "Apica Monitoring"
                },
                {
                    "query": "",
                    "chart_type": "line",
                    "name": "Shared Storage Space",
                    "schema": "",
                    "options": {
                        "label": "Actual vs Total",
                        "order": 7,
                        "plot" : {
                            "xLabel" : "Timestamp",
                            "yLabel": "value",
                            "x" : "Timestamp",
                            "y": ["value"],
                            "groupBy": "hostname",
                            "errorColumn": ""
                        }
                    },
                    "data_source_name": "Apica Monitoring"
                },
                {
                    "query": "",
                    "chart_type": "line",
                    "name": "Shared Storage Space",
                    "schema": "",
                    "options": {
                        "label": "%",
                        "order": 8,
                        "plot" : {
                            "xLabel" : "Timestamp",
                            "yLabel": "value",
                            "x" : "Timestamp",
                            "y": ["value"],
                            "groupBy": "hostname",
                            "errorColumn": ""
                        }
                    },
                    "data_source_name": "Apica Monitoring"
                },
                {
                    "query": "",
                    "chart_type": "line",
                    "name": "Shared Storage iNodes",
                    "schema": "",
                    "options": {
                        "label": "Actual vs Total",
                        "order": 9,
                        "plot" : {
                            "xLabel" : "Timestamp",
                            "yLabel": "value",
                            "x" : "Timestamp",
                            "y": ["value"],
                            "groupBy": "hostname",
                            "errorColumn": ""
                        }
                    },
                    "data_source_name": "Apica Monitoring"
                },
                {
                    "query": "",
                    "chart_type": "line",
                    "name": "Shared Storage iNodes",
                    "schema": "",
                    "options": {
                        "label": "%",
                        "order": 10,
                        "plot" : {
                            "xLabel" : "Timestamp",
                            "yLabel": "value",
                            "x" : "Timestamp",
                            "y": ["value"],
                            "groupBy": "hostname",
                            "errorColumn": ""
                        }
                    },
                    "data_source_name": "Apica Monitoring"
                },
                {
                    "query": "",
                    "chart_type": "line",
                    "name": "Shared Storage Write I/O",
                    "schema": "",
                    "options": {
                        "label": "Actual",
                        "order": 11,
                        "plot" : {
                            "xLabel" : "Timestamp",
                            "yLabel": "value",
                            "x" : "Timestamp",
                            "y": ["value"],
                            "groupBy": "hostname",
                            "errorColumn": ""
                        }
                    },
                    "data_source_name": "Apica Monitoring"
                },
                {
                    "query": "",
                    "chart_type": "line",
                    "name": "Shared Storage Write I/O",
                    "schema": "",
                    "options": {
                        "label": "Actual",
                        "order": 12,
                        "plot" : {
                            "xLabel" : "Timestamp",
                            "yLabel": "value",
                            "x" : "Timestamp",
                            "y": ["value"],
                            "groupBy": "hostname",
                            "errorColumn": ""
                        }
                    },
                    "data_source_name": "Apica Monitoring"
                }
            ]
        },
        {
            "key": "memory",
            "title": "Memory",
            "order": "4",
            "queriesList": [
                {
                    "query": "",
                    "chart_type": "line",
                    "name": "Heap Usage",
                    "schema": "process_runtime_jvm_memory_usage_bytes",
                    "options": {
                        "label": "Used vs Max",
                        "order": 1,
                        "plot" : {
                            "xLabel" : "Timestamp",
                            "yLabel": "value",
                            "x" : "Timestamp",
                            "y": ["value"],
                            "groupBy": "hostname",
                            "errorColumn": ""
                        }
                    },
                    "data_source_name": "Apica Monitoring"
                },
                {
                    "query": "",
                    "chart_type": "line",
                    "name": "Heap Usage",
                    "schema": "process_runtime_jvm_memory_usage_bytes",
                    "options": {
                        "label": "%",
                        "order": 2,
                        "plot" : {
                            "xLabel" : "Timestamp",
                            "yLabel": "value",
                            "x" : "Timestamp",
                            "y": ["value"],
                            "groupBy": "hostname",
                            "errorColumn": ""
                        }
                    },
                    "data_source_name": "Apica Monitoring"
                },
                {
                    "query": "",
                    "chart_type": "line",
                    "name": "Non-Heap Usage",
                    "schema": "gc_collection_count_g1_old_gen",
                    "options": {
                        "label": "Used vs Max",
                        "order": 3,
                        "plot" : {
                            "xLabel" : "Timestamp",
                            "yLabel": "value",
                            "x" : "Timestamp",
                            "y": ["value"],
                            "groupBy": "hostname",
                            "errorColumn": ""
                        }
                    },
                    "data_source_name": "Apica Monitoring"
                },
                {
                    "query": "",
                    "chart_type": "line",
                    "name": "Non-Heap Usage",
                    "schema": "gc_collection_count_g1_youngg_gen",
                    "options": {
                        "label": "%",
                        "order": 4,
                        "plot" : {
                            "xLabel" : "Timestamp",
                            "yLabel": "value",
                            "x" : "Timestamp",
                            "y": ["value"],
                            "groupBy": "hostname",
                            "errorColumn": ""
                        }
                    },
                    "data_source_name": "Apica Monitoring"
                },
                {
                    "query": "",
                    "chart_type": "line",
                    "name": "Average GC Time",
                    "schema": "gc_collection_count_g1_youngg_gen",
                    "options": {
                        "label": "Actual",
                        "order": 5,
                        "plot" : {
                            "xLabel" : "Timestamp",
                            "yLabel": "value",
                            "x" : "Timestamp",
                            "y": ["value"],
                            "groupBy": "hostname",
                            "errorColumn": ""
                        }
                    },
                    "data_source_name": "Apica Monitoring"
                },
                {
                    "query": "",
                    "chart_type": "line",
                    "name": "Memory Pool",
                    "schema": "gc_collection_count_g1_youngg_gen",
                    "options": {
                        "label": "Used vs Max",
                        "order": 6,
                        "plot" : {
                            "xLabel" : "Timestamp",
                            "yLabel": "value",
                            "x" : "Timestamp",
                            "y": ["value"],
                            "groupBy": "hostname",
                            "errorColumn": ""
                        }
                    },
                    "data_source_name": "Apica Monitoring"
                }
            ]
        }
    ],
    "header": {
        "dateTimeRange": true,
        "dropdowns": [
            {
                "atom": {
                    "query": "sum by (hostname) (target_info{ostype=~'windows'})",
                    "name": "Atom Selection",
                    "data_source_name": "Apica Monitoring"
                }
            }
        ]
    }
}
